{
  "GET All Activities" : {
    "transaction" : "GET All Activities",
    "sampleCount" : 20,
    "errorCount" : 0,
    "errorPct" : 0.0,
    "meanResTime" : 209.35,
    "medianResTime" : 203.0,
    "minResTime" : 196.0,
    "maxResTime" : 333.0,
    "pct1ResTime" : 212.70000000000002,
    "pct2ResTime" : 326.9999999999999,
    "pct3ResTime" : 333.0,
    "throughput" : 1.0550192541013874,
    "receivedKBytesPerSec" : 0.3631780147175186,
    "sentKBytesPerSec" : 0.20147364759719363
  },
  "Total" : {
    "transaction" : "Total",
    "sampleCount" : 20,
    "errorCount" : 0,
    "errorPct" : 0.0,
    "meanResTime" : 209.35,
    "medianResTime" : 203.0,
    "minResTime" : 196.0,
    "maxResTime" : 333.0,
    "pct1ResTime" : 212.70000000000002,
    "pct2ResTime" : 326.9999999999999,
    "pct3ResTime" : 333.0,
    "throughput" : 1.0550192541013874,
    "receivedKBytesPerSec" : 0.3631780147175186,
    "sentKBytesPerSec" : 0.20147364759719363
  }
}