{
  "GET All Activities" : {
    "transaction" : "GET All Activities",
    "sampleCount" : 8969,
    "errorCount" : 0,
    "errorPct" : 0.0,
    "meanResTime" : 98.31932210948813,
    "medianResTime" : 97.0,
    "minResTime" : 93.0,
    "maxResTime" : 323.0,
    "pct1ResTime" : 100.0,
    "pct2ResTime" : 102.0,
    "pct3ResTime" : 111.29999999999927,
    "throughput" : 300.378445359858,
    "receivedKBytesPerSec" : 103.4909975321511,
    "sentKBytesPerSec" : 57.40620238035433
  },
  "Total" : {
    "transaction" : "Total",
    "sampleCount" : 8969,
    "errorCount" : 0,
    "errorPct" : 0.0,
    "meanResTime" : 98.31932210948813,
    "medianResTime" : 97.0,
    "minResTime" : 93.0,
    "maxResTime" : 323.0,
    "pct1ResTime" : 100.0,
    "pct2ResTime" : 102.0,
    "pct3ResTime" : 111.29999999999927,
    "throughput" : 300.378445359858,
    "receivedKBytesPerSec" : 103.4909975321511,
    "sentKBytesPerSec" : 57.40620238035433
  }
}